<beans xmlns:xsi="http://www.w3.org/2001/XMLSchema-instance"
	xmlns:mvc="http://www.springframework.org/schema/mvc"
	xmlns="http://www.springframework.org/schema/beans"
	xsi:schemaLocation="http://www.springframework.org/schema/mvc http://www.springframework.org/schema/mvc/spring-mvc.xsd http://www.springframework.org/schema/beans
 http://www.springframework.org/schema/beans/spring-beans.xsd">

	<mvc:annotation-driven />

	<mvc:resources mapping="/resources/**"
		location="/resources/" />

	<bean id="messageSource"
		class="org.springframework.context.support.ReloadableResourceBundleMessageSource">
		<property name="basenames">
			<list>
				<value>classpath:validation</value>
			</list>
		</property>
	</bean>

	<bean
		class="org.springframework.web.servlet.view.InternalResourceViewResolver">
		<property name="prefix">
			<value>/WEB-INF/views/</value>
		</property>
		<property name="suffix">
			<value>.jsp</value>
		</property>
	</bean>
	
	<!-- <bean id="multipartResolver"
		class="org.springframework.web.multipart.commons.CommonsMultipartResolver">
	</bean>
	 setting maximum upload size
	<bean><property name="maxUploadSize" value="100000" /></bean> -->
	
</beans>